<?xml version="1.0" encoding="utf-8" ?>
<dwsync>
<file name="app_a.html" server="general.asu.edu/www/" local="131422918722784019" remote="131422918780000000" Dst="0" />
<file name="app_b.html" server="general.asu.edu/www/" local="131422918724454019" remote="131422918780000000" Dst="0" />
<file name="bio.html" server="general.asu.edu/www/" local="131422918726014019" remote="131422918780000000" Dst="0" />
<file name="needs.html" server="general.asu.edu/www/" local="131422918727524019" remote="131422918780000000" Dst="0" />
<file name="obj.html" server="general.asu.edu/www/" local="131422918729054019" remote="131422918780000000" Dst="0" />
<file name="org.html" server="general.asu.edu/www/" local="131422918730634019" remote="131422918790000000" Dst="0" />
<file name="out.html" server="general.asu.edu/www/" local="131422918738324019" remote="131422918790000000" Dst="0" />
<file name="plan.html" server="general.asu.edu/www/" local="131422918810174019" remote="131422918810000000" Dst="0" />
<file name="res.html" server="general.asu.edu/www/" local="131422918732194019" remote="131422918810000000" Dst="0" />
<file name="skill.html" server="general.asu.edu/www/" local="131422918733694019" remote="131422918810000000" Dst="0" />
<file name="template.html" server="general.asu.edu/www/" local="131422918736814019" remote="131422918810000000" Dst="0" />
<file name="works.html" server="general.asu.edu/www/" local="131422918735324019" remote="131422918810000000" Dst="0" />
</dwsync>