<?xml version="1.0" encoding="utf-8" ?>
<dwsync>
<file name="bootstrap-theme.css" server="general.asu.edu/www/" local="131421149920000000" remote="131422870630000000" Dst="0" />
<file name="bootstrap-theme.css.map" server="general.asu.edu/www/" local="131421149920000000" remote="131422870630000000" Dst="0" />
<file name="bootstrap-theme.min.css" server="general.asu.edu/www/" local="131421149920000000" remote="131422870630000000" Dst="0" />
<file name="bootstrap-theme.min.css.map" server="general.asu.edu/www/" local="131421149920000000" remote="131422870630000000" Dst="0" />
<file name="bootstrap.css" server="general.asu.edu/www/" local="131421149920000000" remote="131422870630000000" Dst="0" />
<file name="bootstrap.css.map" server="general.asu.edu/www/" local="131421149920000000" remote="131422870630000000" Dst="0" />
<file name="bootstrap.min.css" server="general.asu.edu/www/" local="131421149920000000" remote="131422870630000000" Dst="0" />
<file name="bootstrap.min.css.map" server="general.asu.edu/www/" local="131421149920000000" remote="131422870630000000" Dst="0" />
<file name="ie10-viewport-bug-workaround.css" server="general.asu.edu/www/" local="131139355160000000" remote="131422870630000000" Dst="0" />
<file name="style.css" server="general.asu.edu/www/" local="131422034703161172" remote="131422870630000000" Dst="0" />
</dwsync>